{
    "batch_size": 59,
    "discount_factor": 0.9799350442127924,
    "epsilon_decay_steps": 17972,
    "epsilon_end": 0.03528600280594328,
    "epsilon_start": 0.7851081112223683,
    "learning_rate": 0.0008642115244145176,
    "mlp_layers": "256,256",
    "replay_memory_init_size": 346,
    "replay_memory_size": 28663,
    "update_target_estimator_every": 4993
}