{
    "batch_size": 35,
    "discount_factor": 0.9402267639145487,
    "epsilon_decay_steps": 4787,
    "epsilon_end": 0.04059520007129501,
    "epsilon_start": 0.5796873906693737,
    "learning_rate": 9.064264760911147e-05,
    "mlp_layers": "128,128",
    "replay_memory_init_size": 878,
    "replay_memory_size": 6099,
    "update_target_estimator_every": 3728
}